Name,Latitude,Longitude,NOAA,Lightning,PIREP,SO2
Amukta,52.49419,-171.25476,Y,Y,Y,Y
Fisher,54.6692,-164.3524,Y,Y,Y,Y
Folsoms Bluff,58.40881,-155.21516,N,N,N,N
Fourpeaked,58.7703,-153.6738,Y,Y,Y,Y
Frosty,55.0673,-162.8354,Y,Y,Y,Y
Gareloi,51.78887,-178.79368,Y,Y,Y,Y
Gas Rocks,57.8533,-156.494,N,N,N,N
Gilbert,54.2522,-165.6605,N,N,N,N
Gordon,62.1312,-143.0883,Y,Y,Y,Y
Great Sitkin,52.0765,-176.1109,Y,Y,Y,Y
Griggs,58.3572,-155.1037,Y,Y,Y,Y
Hayes,61.5991,-152.4182,Y,Y,Y,Y
Herbert,52.741,-170.113,Y,Y,Y,Y
Andrew Bay volcano,51.9689,-176.632,N,N,N,N
Iliamna,60.0319,-153.0918,Y,Y,Y,Y
Imuruk Lake Volcanic Field,65.6,-163.92,Y,N,Y,Y
Ingakslugwat Hills,61.43,-164.47,Y,N,Y,Y
Ingrisarak Mtn,61.51527,-165.25638,N,N,N,N
Iron Trig cone,58.64226,-154.47059,N,N,N,N
Isanotski,54.76799,-163.72904,N,N,N,N
Iskut-Unuk River cones,56.5196,-130.331,N,N,N,N
Jarvis,62.0233,-143.6201,N,N,N,N
Aniakchak,56.9058,-158.209,Y,Y,Y,Y
Jumbo Dome,63.975,-148.69444,N,N,N,N
Kagamil,52.97347,-169.71737,Y,Y,Y,Y
Kaguyak,58.6113,-154.0245,Y,Y,Y,Y
Kanaga,51.9242,-177.1623,Y,Y,Y,Y
Kasatochi,52.1693,-175.5113,Y,Y,Y,Y
Katmai,58.279,-154.9533,Y,Y,Y,Y
Kejulik,58.02721,-155.66419,N,N,N,N
Kialagvik,57.2019,-156.7467,Y,Y,Y,Y
Kiska,52.1031,177.6035,Y,Y,Y,Y
Klawasi Group,62.0962,-145.0853,N,N,N,N
Knob 1000,58.58947,-154.55804,N,N,N,N
Kochilagok Hill,61.638,-164.414,N,N,N,N
Koniuji,52.22144,-175.13182,Y,Y,Y,Y
Kookooligit Mountains,63.5991,-170.433,Y,Y,Y,Y
Atka Volcanic Complex,52.3309,-174.139,Y,Y,Y,Y
Koyuk-Buckland volcanics,65.65,-160.5,N,N,N,N
Kukak,58.4528,-154.3573,Y,Y,Y,Y
Kupreanof,56.0126,-159.7912,Y,Y,Y,Y
Little Sitkin,51.9531,178.5356,Y,Y,Y,Y
Lost Jim Cone,65.4873,-163.29772,N,N,N,N
Mageik,58.1946,-155.2544,Y,Y,Y,Y
Makushin,53.88707,-166.93202,Y,Y,Y,Y
Martin,58.1692,-155.3566,Y,Y,Y,Y
Moffett,51.937,-176.741,Y,Y,Y,Y
Morzhovoi,54.9991,-162.822,N,N,N,N
Nelson Island,60.45,-164.66,N,N,N,N
Augustine,59.3626,-153.435,Y,Y,Y,Y
Novarupta,58.2654,-155.1591,Y,Y,Y,Y
Nunivak Island,60.099,-166.496,Y,Y,Y,Y
Nushkolik Mountain volcanic field,61.57,-164.91,N,N,N,N
Okmok,53.419,-168.132,Y,Y,Y,Y
Basalt of Gertrude Creek,58.04,-156.14,N,N,N,N
Pavlof,55.4173,-161.8937,Y,Y,Y,Y
Pavlof Sister,55.4569,-161.8544,Y,Y,Y,Y
Behm Canal-Rudyerd Bay,55.3196,-131.051,Y,N,Y,Y
Prindle Volcano,63.7196,-141.6223,N,N,N,N
Rainbow River cone,58.49944,-154.68177,N,N,N,N
Recheshnoi,53.1536,-168.5382,Y,Y,Y,Y
Redoubt,60.4852,-152.7438,Y,Y,Y,Y
Roundtop,54.7992,-163.5914,Y,Y,Y,Y
Sanford,62.2133,-144.1295,Y,Y,Y,Y
Seguam,52.316,-172.51,Y,Y,Y,Y
Segula,52.0138,178.134,Y,Y,Y,Y
Semisopochnoi,51.9288,179.5977,Y,Y,Y,Y
Sergief,52.0533,-174.9521,N,N,N,N
Black Peak,56.5512,-158.787,Y,Y,Y,Y
Shishaldin,54.7554,-163.9711,Y,Y,Y,Y
Skookum Creek,62.3996,-143.1371,N,N,N,N
Snowy,58.3336,-154.6859,Y,Y,Y,Y
Spurr,61.2989,-152.2539,Y,Y,Y,Y
St. George volcanic field,56.58,-169.63,N,N,N,N
St. Michael,63.4493,-162.123,Y,N,Y,Y
St. Paul Island,57.18,-170.3,Y,Y,Y,Y
Steller,58.4301,-154.3903,Y,Y,Y,Y
Blue Mtn,57.7051,-156.8467,N,N,N,N
Suemez Island,55.2268,-133.4032,N,N,N,N
Table Top Mtn,53.9671,-166.679,Y,Y,Y,Y
Takawangha,51.867,-178.027,Y,Y,Y,Y
Tana,52.839,-169.758,N,N,N,N
Tanada Peak,62.302,-143.506,N,N,N,N
Bobrof,51.9072,-177.4409,Y,Y,Y,Y
Tanaga,51.884,-178.143,Y,Y,Y,Y
Tlevak Strait,55.2496,-133.302,Y,Y,Y,Y
Togiak volcanics,59.27,-160.05,N,N,N,N
Trader Mtn,55.56377,-161.94523,N,N,N,N
Trident,58.2343,-155.1026,Y,Y,Y,Y
Bogoslof,53.9272,-168.0344,Y,Y,Y,Y
Ugashik-Peulik,57.7503,-156.37,Y,Y,Y,Y
Ukinrek Maars,57.8338,-156.5139,Y,Y,Y,Y
Uliaga,53.065,-169.767,Y,Y,Y,Y
Ungulungwak Hill-Ingrichuak Hill,62.1778,-164.0936,N,N,N,N
Unnamed (near Ukinrek Maars),57.869,-155.422,Y,Y,Y,Y
Adagdak,51.9898,-176.58705,Y,Y,Y,Y
Veniaminof,56.1979,-159.3931,Y,Y,Y,Y
Stepovak Bay 1,55.8681,-160.0956,N,N,N,N
Stepovak Bay 2,55.9125,-160.041,Y,Y,Y,Y
Stepovak Bay 3,55.9292,-160.002,Y,Y,Y,Y
Stepovak Bay 4,55.952,-159.958,Y,Y,Y,Y
Vsevidof,53.1256,-168.6937,Y,Y,Y,Y
Westdahl,54.5171,-164.6476,Y,Y,Y,Y
Wide Bay cone,53.9611,-166.615,Y,Y,Y,Y
Wrangell,62.00572,-144.01935,Y,Y,Y,Y
Yantarni,57.0179,-157.1864,Y,Y,Y,Y
Yunaska,52.64378,-170.65152,Y,Y,Y,Y
Mafic Knob 500,57.82344,-156.42616,N,N,N,N
Lone basalt,57.63482,-156.99332,N,N,N,N
Buldir,52.3488,175.909,Y,Y,Y,Y
Unimak 5270,54.80321,-163.65937,N,N,N,N
Monogenetic QT vents of WWVF,62.137,-143.165,N,N,N,N
Ingenstrem Depression Volcanic Field,52.5,175.1,N,N,N,N
Western Cones,53.6,171.8,N,N,N,N
Buzzard Creek,64.061082,-148.431932,Y,N,Y,Y
Capital,62.4238,-144.1127,N,N,N,N
Carlisle,52.8906,-170.0576,Y,Y,Y,Y
Chagulak,52.5714,-171.1395,Y,Y,Y,Y
Chiginagak,57.13348,-156.99147,Y,Y,Y,Y
Mt Churchill,61.4187,-141.7152,Y,Y,Y,Y
Cleveland,52.8222,-169.945,Y,Y,Y,Y
Cone 3110,58.5745,-154.5435,N,N,N,N
Cone 3601,58.54412,-154.51546,N,N,N,N
Akutan,54.13308,-165.98555,Y,Y,Y,Y
Alagogshak,58.15737,-155.39839,N,N,N,N
Dana,55.64205,-161.21551,Y,Y,Y,Y
Davidof,51.9542,178.326,Y,Y,Y,Y
Denison,58.4173,-154.451,Y,Y,Y,Y
Devils Desk,58.4753,-154.3001,N,N,N,N
Double Glacier,60.716141,-152.66837,N,N,N,N
Amak,55.41728,-163.14687,Y,Y,Y,Y
Douglas,58.8596,-153.5351,Y,Y,Y,Y
Drum,62.1159,-144.6399,N,N,N,N
Duncan Canal,56.4996,-133.102,Y,Y,Y,Y
Dutton,55.1867,-162.2744,Y,Y,Y,Y
Amchixtam Chaxsxii,51.8475,179.82972,N,N,N,N
Edgecumbe,57.0509,-135.7611,Y,Y,Y,Y
Emmons Lake Volcanic Center,55.3409,-162.0726,Y,Y,Y,Y
Espenberg,66.3493,-164.333,N,N,N,N
Agrigan,18.77,145.67,Y,N,N,Y
Pagan,18.13,145.8,Y,N,N,Y
Ruby,15.62,145.57,Y,N,N,Y
Sarigan,16.708,145.78,Y,N,N,Y
Supply Reef,20.13,145.1,Y,N,N,Y
Diakoku seamount,21.324,144.194,Y,N,N,Y
East Diamante,15.93,145.67,Y,N,N,Y
Fukujin Seamount,21.93,143.47,Y,N,N,Y
Kasuga 2,21.6,143.637,Y,N,N,Y
South Sarigan Seamount,16.58,145.78,Y,N,N,Y
Zealandia Bank,16.88,145.85,Y,N,N,Y
Ahyi Seamount,20.42,145.03,Y,N,N,Y
Alamagan,17.6,145.83,Y,N,N,Y
Anatahan,16.35,145.67,Y,N,N,Y
Asuncion,19.67,145.4,Y,N,N,Y
Esmeralda Bank,15.0,145.25,Y,N,N,Y
Farallon de Pajaros,20.53,144.9,Y,N,N,Y
Guguan,17.32,145.85,Y,N,N,Y
Maug Islands,20.02,145.22,Y,N,N,Y
