Name,Latitude,Longitude
Amukta,52.49419,-171.25476
Fisher,54.6692,-164.3524
Folsoms Bluff,58.40881,-155.21516
Fourpeaked,58.7703,-153.6738
Frosty,55.0673,-162.8354
Gareloi,51.78887,-178.79368
Gas Rocks,57.8533,-156.494
Gilbert,54.2522,-165.6605
Gordon,62.1312,-143.0883
Great Sitkin,52.0765,-176.1109
Griggs,58.3572,-155.1037
Hayes,61.5991,-152.4182
Herbert,52.741,-170.113
Andrew Bay volcano,51.9689,-176.632
Iliamna,60.0319,-153.0918
Imuruk Lake Volcanic Field,65.6,-163.92
Ingakslugwat Hills,61.43,-164.47
Ingrisarak Mtn,61.51527,-165.25638
Iron Trig cone,58.64226,-154.47059
Isanotski,54.76799,-163.72904
Iskut-Unuk River cones,56.5196,-130.331
Jarvis,62.0233,-143.6201
Aniakchak,56.9058,-158.209
Jumbo Dome,63.975,-148.69444
Kagamil,52.97347,-169.71737
Kaguyak,58.6113,-154.0245
Kanaga,51.9242,-177.1623
Kasatochi,52.1693,-175.5113
Katmai,58.279,-154.9533
Kejulik,58.02721,-155.66419
Kialagvik,57.2019,-156.7467
Kiska,52.1031,177.6035
Klawasi Group,62.0962,-145.0853
Knob 1000,58.58947,-154.55804
Kochilagok Hill,61.638,-164.414
Koniuji,52.22144,-175.13182
Kookooligit Mountains,63.5991,-170.433
Atka Volcanic Complex,52.3309,-174.139
Koyuk-Buckland volcanics,65.65,-160.5
Kukak,58.4528,-154.3573
Kupreanof,56.0126,-159.7912
Little Sitkin,51.9531,178.5356
Lost Jim Cone,65.4873,-163.29772
Mageik,58.1946,-155.2544
Makushin,53.88707,-166.93202
Martin,58.1692,-155.3566
Moffett,51.937,-176.741
Morzhovoi,54.9991,-162.822
Nelson Island,60.45,-164.66
Augustine,59.3626,-153.435
Novarupta,58.2654,-155.1591
Nunivak Island,60.099,-166.496
Nushkolik Mountain volcanic field,61.57,-164.91
Okmok,53.419,-168.132
Basalt of Gertrude Creek,58.04,-156.14
Pavlof,55.4173,-161.8937
Pavlof Sister,55.4569,-161.8544
Behm Canal-Rudyerd Bay,55.3196,-131.051
Prindle Volcano,63.7196,-141.6223
Rainbow River cone,58.49944,-154.68177
Recheshnoi,53.1536,-168.5382
Redoubt,60.4852,-152.7438
Roundtop,54.7992,-163.5914
Sanford,62.2133,-144.1295
Seguam,52.316,-172.51
Segula,52.0138,178.134
Semisopochnoi,51.9288,179.5977
Sergief,52.0533,-174.9521
Black Peak,56.5512,-158.787
Shishaldin,54.7554,-163.9711
Skookum Creek,62.3996,-143.1371
Snowy,58.3336,-154.6859
Spurr,61.2989,-152.2539
St. George volcanic field,56.58,-169.63
St. Michael,63.4493,-162.123
St. Paul Island,57.18,-170.3
Steller,58.4301,-154.3903
Blue Mtn,57.7051,-156.8467
Suemez Island,55.2268,-133.4032
Table Top Mtn,53.9671,-166.679
Takawangha,51.867,-178.027
Tana,52.839,-169.758
Tanada Peak,62.302,-143.506
Bobrof,51.9072,-177.4409
Tanaga,51.884,-178.143
Tlevak Strait,55.2496,-133.302
Togiak volcanics,59.27,-160.05
Trader Mtn,55.56377,-161.94523
Trident,58.2343,-155.1026
Bogoslof,53.9272,-168.0344
Ugashik-Peulik,57.7503,-156.37
Ukinrek Maars,57.8338,-156.5139
Uliaga,53.065,-169.767
Ungulungwak Hill-Ingrichuak Hill,62.1778,-164.0936
Unnamed (near Ukinrek Maars),57.869,-155.422
Adagdak,51.9898,-176.58705
Veniaminof,56.1979,-159.3931
Stepovak Bay 1,55.8681,-160.0956
Stepovak Bay 2,55.9125,-160.041
Stepovak Bay 3,55.9292,-160.002
Stepovak Bay 4,55.952,-159.958
Vsevidof,53.1256,-168.6937
Westdahl,54.5171,-164.6476
Wide Bay cone,53.9611,-166.615
Wrangell,62.00572,-144.01935
Yantarni,57.0179,-157.1864
Yunaska,52.64378,-170.65152
Mafic Knob 500,57.82344,-156.42616
Lone basalt,57.63482,-156.99332
Buldir,52.3488,175.909
Unimak 5270,54.80321,-163.65937
Monogenetic QT vents of WWVF,62.137,-143.165
Ingenstrem Depression Volcanic Field,52.5,175.1
Western Cones,53.6,171.8
Buzzard Creek,64.061082,-148.431932
Capital,62.4238,-144.1127
Carlisle,52.8906,-170.0576
Chagulak,52.5714,-171.1395
Chiginagak,57.13348,-156.99147
Mt Churchill,61.4187,-141.7152
Cleveland,52.8222,-169.945
Cone 3110,58.5745,-154.5435
Cone 3601,58.54412,-154.51546
Akutan,54.13308,-165.98555
Alagogshak,58.15737,-155.39839
Dana,55.64205,-161.21551
Davidof,51.9542,178.326
Denison,58.4173,-154.451
Devils Desk,58.4753,-154.3001
Double Glacier,60.716141,-152.66837
Amak,55.41728,-163.14687
Douglas,58.8596,-153.5351
Drum,62.1159,-144.6399
Duncan Canal,56.4996,-133.102
Dutton,55.1867,-162.2744
Amchixtam Chaxsxii,51.8475,179.82972
Edgecumbe,57.0509,-135.7611
Emmons Lake Volcanic Center,55.3409,-162.0726
Espenberg,66.3493,-164.333
Agrigan,18.77,145.67
Pagan,18.13,145.8
Ruby,15.62,145.57
Sarigan,16.708,145.78
Supply Reef,20.13,145.1
Diakoku seamount,21.324,144.194
East Diamante,15.93,145.67
Fukujin Seamount,21.93,143.47
Kasuga 2,21.6,143.637
South Sarigan Seamount,16.58,145.78
Zealandia Bank,16.88,145.85
Ahyi Seamount,20.42,145.03
Alamagan,17.6,145.83
Anatahan,16.35,145.67
Asuncion,19.67,145.4
Esmeralda Bank,15.0,145.25
Farallon de Pajaros,20.53,144.9
Guguan,17.32,145.85
Maug Islands,20.02,145.22
